time,open,high,low,close,tick_volume,spread,real_volume
2026-07-23 00:00:00+00:00,4133.419,4134.839,4125.124,4132.379,10650,40,0
2026-07-23 01:00:00+00:00,4132.318,4141.209,4114.393,4118.027,21095,40,0
2026-07-23 02:00:00+00:00,4117.971,4128.972,4112.289,4128.08,13799,40,0
2026-07-23 03:00:00+00:00,4128.028,4133.393,4124.01,4124.768,8943,40,0
2026-07-23 04:00:00+00:00,4124.776,4130.55,4120.125,4121.451,7208,40,0
2026-07-23 05:00:00+00:00,4121.426,4130.702,4119.597,4123.93,10121,40,0
2026-07-23 06:00:00+00:00,4123.991,4128.307,4116.978,4118.711,10838,40,0
2026-07-23 07:00:00+00:00,4118.691,4119.61,4090.038,4095.626,16163,40,0
2026-07-23 08:00:00+00:00,4095.577,4097.837,4087.068,4093.392,11932,40,0
2026-07-23 09:00:00+00:00,4093.283,4099.445,4088.482,4090.129,10161,40,0
2026-07-23 10:00:00+00:00,4090.076,4095.519,4086.035,4093.418,9870,40,0
2026-07-23 11:00:00+00:00,4093.221,4093.99,4072.811,4085.849,14394,40,0
2026-07-23 12:00:00+00:00,4085.797,4086.18,4060.918,4061.837,19164,40,0
2026-07-23 13:00:00+00:00,4061.865,4067.663,4040.388,4043.409,33412,40,0
2026-07-23 14:00:00+00:00,4043.603,4061.903,4040.186,4058.039,24538,40,0
2026-07-23 15:00:00+00:00,4058.096,4059.51,4042.288,4048.634,19317,40,0
2026-07-23 16:00:00+00:00,4048.75,4051.942,4045.862,4051.404,8860,40,0
2026-07-23 17:00:00+00:00,4051.457,4054.735,4041.739,4041.955,10902,40,0
2026-07-23 18:00:00+00:00,4042.083,4048.475,4040.604,4046.041,8417,40,0
2026-07-23 19:00:00+00:00,4046.342,4051.1,4042.976,4049.991,6936,40,0
2026-07-23 20:00:00+00:00,4050.056,4051.315,4047.464,4049.299,4165,40,0
2026-07-23 22:00:00+00:00,4050.741,4050.838,4048.657,4049.539,2780,40,0
2026-07-23 23:00:00+00:00,4049.539,4050.903,4046.605,4047.137,4219,40,0
2026-07-24 00:00:00+00:00,4047.197,4050.901,4041.151,4050.124,9700,40,0
2026-07-24 01:00:00+00:00,4050.174,4050.654,4040.058,4043.604,12400,40,0
2026-07-24 02:00:00+00:00,4043.587,4048.382,4023.261,4024.527,13095,40,0
2026-07-24 03:00:00+00:00,4024.609,4033.672,4023.085,4029.471,8845,40,0
2026-07-24 04:00:00+00:00,4029.411,4030.638,4025.762,4027.233,6059,40,0
2026-07-24 05:00:00+00:00,4027.032,4032.443,4021.953,4023.078,10302,40,0
2026-07-24 06:00:00+00:00,4023.089,4039.211,4022.856,4035.902,10398,40,0
2026-07-24 07:00:00+00:00,4035.596,4053.863,4035.109,4048.439,10195,40,0
2026-07-24 08:00:00+00:00,4048.316,4058.958,4045.203,4057.477,8020,40,0
2026-07-24 09:00:00+00:00,4057.529,4061.019,4051.683,4059.776,7232,40,0
2026-07-24 10:00:00+00:00,4059.828,4064.05,4057.149,4060.022,6299,40,0
2026-07-24 11:00:00+00:00,4060.131,4063.598,4051.604,4057.766,7246,40,0
2026-07-24 12:00:00+00:00,4057.737,4060.333,4051.687,4055.962,9741,40,0
2026-07-24 13:00:00+00:00,4056.012,4068.783,4044.618,4067.446,17526,40,0
2026-07-24 14:00:00+00:00,4067.316,4070.176,4055.92,4063.533,17530,40,0
2026-07-24 15:00:00+00:00,4063.587,4082.157,4061.74,4077.526,19924,40,0
2026-07-24 16:00:00+00:00,4077.421,4078.326,4064.13,4066.973,8641,40,0
2026-07-24 17:00:00+00:00,4067.022,4070.04,4063.014,4063.528,7917,40,0
2026-07-24 18:00:00+00:00,4063.579,4064.615,4051.301,4054.586,7381,40,0
2026-07-24 19:00:00+00:00,4054.716,4057.963,4049.184,4053.623,7729,40,0
2026-07-24 20:00:00+00:00,4053.787,4056.22,4051.78,4053.032,4180,40,0
2026-07-26 22:00:00+00:00,4091.931,4096.764,4083.793,4089.883,5465,50,0
2026-07-26 23:00:00+00:00,4089.81,4096.484,4083.683,4094.276,5527,40,0
2026-07-27 00:00:00+00:00,4094.395,4116.322,4090.686,4100.788,17331,40,0
2026-07-27 01:00:00+00:00,4100.991,4112.738,4097.01,4110.185,19349,40,0
2026-07-27 02:00:00+00:00,4110.088,4111.071,4093.787,4093.854,10355,40,0
2026-07-27 03:00:00+00:00,4093.553,4095.988,4085.283,4090.942,8268,40,0
2026-07-27 04:00:00+00:00,4090.994,4092.868,4087.052,4090.573,5989,40,0
2026-07-27 05:00:00+00:00,4090.562,4094.865,4084.404,4093.092,9460,40,0
2026-07-27 06:00:00+00:00,4093.294,4099.467,4091.117,4095.78,10116,40,0
2026-07-27 07:00:00+00:00,4096.074,4106.194,4088.69,4089.008,10331,40,0
2026-07-27 08:00:00+00:00,4089.063,4096.875,4086.999,4095.408,9441,40,0
2026-07-27 09:00:00+00:00,4095.394,4100.494,4090.377,4096.267,8059,40,0
2026-07-27 10:00:00+00:00,4096.215,4102.385,4086.393,4099.664,8318,40,0
2026-07-27 11:00:00+00:00,4099.716,4104.233,4093.716,4094.079,9486,40,0
2026-07-27 12:00:00+00:00,4094.14,4097.868,4081.436,4083.869,13375,40,0
2026-07-27 13:00:00+00:00,4083.903,4089.713,4070.685,4074.117,24420,40,0
2026-07-27 14:00:00+00:00,4074.234,4079.379,4065.268,4076.09,23114,40,0
2026-07-27 15:00:00+00:00,4076.14,4080.077,4071.83,4078.708,13904,40,0
2026-07-27 16:00:00+00:00,4078.613,4094.008,4077.815,4082.354,13064,40,0
2026-07-27 17:00:00+00:00,4082.557,4082.557,4070.723,4076.557,10070,40,0
2026-07-27 18:00:00+00:00,4076.613,4079.674,4072.818,4077.856,8016,40,0
2026-07-27 19:00:00+00:00,4077.934,4089.316,4076.187,4083.308,7248,40,0
2026-07-27 20:00:00+00:00,4083.358,4084.194,4075.209,4076.899,4027,40,0
2026-07-27 22:00:00+00:00,4079.586,4082.228,4071.13,4074.144,3730,40,0
2026-07-27 23:00:00+00:00,4074.359,4075.221,4069.984,4073.295,4057,40,0
2026-07-28 00:00:00+00:00,4073.246,4074.388,4057.494,4057.863,13345,40,0
2026-07-28 01:00:00+00:00,4057.812,4060.296,4042.569,4045.333,19469,40,0
2026-07-28 02:00:00+00:00,4045.265,4049.112,4040.708,4042.187,10497,40,0
2026-07-28 03:00:00+00:00,4042.123,4051.095,4040.238,4049.336,8113,40,0
2026-07-28 04:00:00+00:00,4049.289,4049.801,4041.522,4042.401,6625,40,0
2026-07-28 05:00:00+00:00,4042.351,4046.715,4034.863,4045.463,10765,40,0
2026-07-28 06:00:00+00:00,4045.262,4052.474,4042.931,4048.337,10001,40,0
2026-07-28 07:00:00+00:00,4048.538,4052.463,4046.366,4047.348,8143,40,0
2026-07-28 08:00:00+00:00,4047.573,4055.364,4041.858,4045.454,13491,40,0
2026-07-28 09:00:00+00:00,4045.401,4046.146,4019.16,4023.333,11110,40,0
2026-07-28 10:00:00+00:00,4023.283,4028.528,4016.877,4026.598,12053,40,0
2026-07-28 11:00:00+00:00,4026.539,4032.375,4023.144,4028.103,11867,40,0
2026-07-28 12:00:00+00:00,4028.006,4038.2,4022.942,4029.583,13183,40,0
2026-07-28 13:00:00+00:00,4029.554,4036.277,4020.194,4022.474,21247,40,0
2026-07-28 14:00:00+00:00,4022.472,4033.651,4011.392,4024.606,20058,40,0
2026-07-28 15:00:00+00:00,4024.306,4047.166,4022.369,4046.073,20311,40,0
2026-07-28 16:00:00+00:00,4046.381,4046.758,4036.574,4037.718,8613,40,0
2026-07-28 17:00:00+00:00,4037.769,4041.786,4025.634,4027.876,9300,40,0
2026-07-28 18:00:00+00:00,4027.919,4030.496,4021.683,4023.239,7569,40,0
2026-07-28 19:00:00+00:00,4022.931,4028.085,4021.931,4026.626,6208,40,0
2026-07-28 20:00:00+00:00,4026.317,4030.535,4022.642,4028.938,4538,40,0
2026-07-28 22:00:00+00:00,4027.987,4028.725,4014.004,4018.48,4880,40,0
2026-07-28 23:00:00+00:00,4018.53,4026.536,4015.065,4025.198,7044,40,0
2026-07-29 00:00:00+00:00,4024.998,4030.158,4017.688,4021.75,14492,40,0
2026-07-29 01:00:00+00:00,4021.702,4030.731,4010.103,4025.782,20363,40,0
2026-07-29 02:00:00+00:00,4025.871,4038.061,4023.073,4029.763,13751,40,0
2026-07-29 03:00:00+00:00,4029.714,4032.725,4023.098,4023.803,8892,40,0
2026-07-29 04:00:00+00:00,4023.856,4027.719,4020.551,4027.516,8131,40,0
2026-07-29 05:00:00+00:00,4027.544,4040.19,4026.664,4033.242,11380,40,0
2026-07-29 06:00:00+00:00,4033.021,4044.991,4033.021,4041.275,9514,40,0
2026-07-29 07:00:00+00:00,4041.024,4047.879,4041.024,4043.982,7268,40,0
2026-07-29 08:00:00+00:00,4043.932,4044.557,4035.62,4037.544,7422,40,0
2026-07-29 09:00:00+00:00,4037.593,4038.564,4031.153,4032.903,6568,40,0
2026-07-29 10:00:00+00:00,4032.845,4034.551,4025.892,4027.311,7296,40,0
2026-07-29 11:00:00+00:00,4027.44,4036.187,4024.885,4032.716,7130,40,0
2026-07-29 12:00:00+00:00,4032.765,4033.556,4009.235,4022.629,15166,40,0
2026-07-29 13:00:00+00:00,4022.7,4026.661,4002.492,4007.291,21769,40,0
2026-07-29 14:00:00+00:00,4007.388,4010.354,3995.884,4004.791,21371,40,0
2026-07-29 15:00:00+00:00,4004.85,4014.046,4003.184,4010.006,13532,40,0
2026-07-29 16:00:00+00:00,4009.836,4032.943,4007.535,4027.529,11941,40,0
2026-07-29 17:00:00+00:00,4027.389,4050.795,4027.274,4044.087,16217,40,0
2026-07-29 18:00:00+00:00,4044.31,4110.14,4043.18,4106.635,68062,40,0
2026-07-29 19:00:00+00:00,4106.691,4116.641,4044.139,4044.821,54437,40,0
2026-07-29 20:00:00+00:00,4044.942,4070.326,4042.567,4066.139,20545,40,0
2026-07-29 22:00:00+00:00,4068.372,4090.757,4064.923,4088.509,7353,40,0
2026-07-29 23:00:00+00:00,4088.455,4100.478,4084.493,4084.781,9421,40,0
2026-07-30 00:00:00+00:00,4084.853,4086.825,4064.86,4072.127,21809,40,0
2026-07-30 01:00:00+00:00,4072.184,4093.238,4070.24,4084.842,25121,40,0
2026-07-30 02:00:00+00:00,4084.767,4090.486,4063.401,4063.725,15612,40,0
2026-07-30 03:00:00+00:00,4063.852,4070.067,4050.772,4058.864,14279,40,0
2026-07-30 04:00:00+00:00,4059.122,4060.407,4044.328,4046.238,9530,40,0
2026-07-30 05:00:00+00:00,4046.29,4051.408,4028.399,4033.907,19463,40,0
2026-07-30 06:00:00+00:00,4033.853,4040.594,4029.296,4036.843,16613,40,0
2026-07-30 07:00:00+00:00,4036.486,4051.43,4035.502,4038.88,16182,40,0
2026-07-30 08:00:00+00:00,4038.707,4073.037,4036.66,4061.396,19319,40,0
2026-07-30 09:00:00+00:00,4061.707,4073.247,4060.287,4063.542,13837,40,0
2026-07-30 10:00:00+00:00,4063.615,4083.156,4062.939,4078.234,16325,40,0
2026-07-30 11:00:00+00:00,4078.125,4082.904,4075.711,4077.686,11089,40,0
2026-07-30 12:00:00+00:00,4077.581,4086.991,4067.132,4068.76,20372,40,0
2026-07-30 13:00:00+00:00,4069.052,4112.706,4065.087,4112.331,43439,40,0
2026-07-30 14:00:00+00:00,4112.281,4120.512,4087.219,4100.041,40473,40,0
2026-07-30 15:00:00+00:00,4100.155,4110.248,4083.063,4108.099,23616,40,0
2026-07-30 16:00:00+00:00,4108.045,4119.438,4106.555,4110.939,11370,40,0
2026-07-30 17:00:00+00:00,4110.878,4111.45,4098.691,4102.55,10974,40,0
2026-07-30 18:00:00+00:00,4102.745,4107.991,4098.793,4099.722,7674,40,0
2026-07-30 19:00:00+00:00,4099.613,4115.584,4098.805,4112.262,8424,40,0
2026-07-30 20:00:00+00:00,4112.317,4117.595,4099.087,4103.146,8150,40,0
2026-07-30 22:00:00+00:00,4105.342,4111.25,4102.537,4109.352,4361,40,0
2026-07-30 23:00:00+00:00,4109.383,4111.911,4102.213,4105.745,4985,40,0
2026-07-31 00:00:00+00:00,4105.859,4107.332,4090.421,4094.89,10157,40,0
2026-07-31 01:00:00+00:00,4094.737,4101.771,4082.247,4084.197,14580,40,0
2026-07-31 02:00:00+00:00,4084.375,4090.633,4074.138,4076.348,9337,40,0
2026-07-31 03:00:00+00:00,4076.282,4079.487,4071.921,4075.136,7969,40,0
2026-07-31 04:00:00+00:00,4075.141,4081.487,4073.34,4080.095,5622,40,0
2026-07-31 05:00:00+00:00,4080.222,4083.502,4073.359,4074.637,7468,40,0
2026-07-31 06:00:00+00:00,4074.691,4087.595,4072.655,4077.803,10282,40,0
2026-07-31 07:00:00+00:00,4077.739,4079.25,4067.345,4067.757,9243,40,0
2026-07-31 08:00:00+00:00,4067.847,4067.914,4054.115,4061.134,12010,40,0
2026-07-31 09:00:00+00:00,4061.076,4064.036,4050.108,4055.053,9871,40,0
2026-07-31 10:00:00+00:00,4055.334,4058.472,4051.974,4054.411,6839,40,0
2026-07-31 11:00:00+00:00,4054.423,4061.252,4050.561,4053.831,9108,40,0
2026-07-31 12:00:00+00:00,4053.827,4059.601,4040.483,4041.02,12256,40,0
2026-07-31 13:00:00+00:00,4040.959,4047.134,4022.1,4025.596,26870,40,0
2026-07-31 14:00:00+00:00,4025.335,4050.469,4020.975,4049.151,20958,40,0
2026-07-31 15:00:00+00:00,4049.2,4052.909,4036.702,4045.666,16617,40,0
2026-07-31 16:00:00+00:00,4045.612,4050.035,4041.108,4043.464,9797,40,0
2026-07-31 17:00:00+00:00,4043.415,4054.875,4041.414,4053.486,10014,40,0
2026-07-31 18:00:00+00:00,4053.598,4055.156,4047.175,4050.718,7474,40,0
2026-07-31 19:00:00+00:00,4050.766,4055.729,4046.87,4050.959,7067,40,0
2026-07-31 20:00:00+00:00,4051.129,4053.162,4043.152,4043.917,11818,40,0
2026-08-02 22:00:00+00:00,4073.165,4079.518,4063.498,4064.014,7702,40,0
2026-08-02 23:00:00+00:00,4063.978,4075.032,4063.169,4074.878,6264,40,0
2026-08-03 00:00:00+00:00,4074.939,4079.14,4055.7,4057.219,17436,40,0
2026-08-03 01:00:00+00:00,4057.381,4063.562,4047.383,4056.484,20392,40,0
2026-08-03 02:00:00+00:00,4056.791,4067.332,4052.025,4062.331,12841,40,0
2026-08-03 03:00:00+00:00,4062.353,4068.129,4059.222,4064.984,9709,40,0
2026-08-03 04:00:00+00:00,4065.062,4071.978,4064.112,4064.112,6714,40,0
2026-08-03 05:00:00+00:00,4064.061,4069.985,4054.126,4068.918,10428,40,0
2026-08-03 06:00:00+00:00,4068.975,4072.317,4060.638,4064.111,12473,40,0
2026-08-03 07:00:00+00:00,4064.161,4065.311,4052.154,4060.935,12358,40,0
2026-08-03 08:00:00+00:00,4061.251,4062.638,4054.273,4059.374,9249,40,0
2026-08-03 09:00:00+00:00,4059.526,4062.411,4046.721,4055.473,10201,40,0
2026-08-03 10:00:00+00:00,4055.524,4057.313,4045.819,4049.599,8374,40,0
2026-08-03 11:00:00+00:00,4049.412,4063.158,4045.36,4062.643,10115,40,0
2026-08-03 12:00:00+00:00,4062.512,4064.749,4042.193,4047.594,12797,40,0
2026-08-03 13:00:00+00:00,4047.649,4053.695,4019.065,4032.426,24850,40,0
2026-08-03 14:00:00+00:00,4032.485,4039.387,4026.628,4036.501,15467,40,0
2026-08-03 15:00:00+00:00,4036.407,4041.134,4030.354,4036.204,11764,40,0
2026-08-03 16:00:00+00:00,4036.009,4039.511,4034.611,4037.145,6765,40,0
2026-08-03 17:00:00+00:00,4037.086,4037.956,4030.338,4030.724,6194,40,0
2026-08-03 18:00:00+00:00,4030.719,4045.222,4029.575,4043.433,6482,40,0
2026-08-03 19:00:00+00:00,4043.482,4055.936,4043.482,4052.22,7263,40,0
2026-08-03 20:00:00+00:00,4052.282,4058.288,4050.225,4055.137,4092,40,0
2026-08-03 22:00:00+00:00,4053.157,4054.758,4049.391,4052.814,3492,40,0
2026-08-03 23:00:00+00:00,4052.78,4055.253,4050.14,4053.862,4320,40,0
2026-08-04 00:00:00+00:00,4053.803,4069.507,4048.706,4049.379,10526,40,0
2026-08-04 01:00:00+00:00,4049.269,4062.038,4042.503,4058.606,14821,40,0
2026-08-04 02:00:00+00:00,4058.919,4065.242,4055.683,4059.043,9548,40,0
2026-08-04 03:00:00+00:00,4058.99,4061.797,4052.041,4052.672,7176,40,0
2026-08-04 04:00:00+00:00,4052.699,4066.39,4051.102,4063.759,6076,40,0
2026-08-04 05:00:00+00:00,4063.809,4067.939,4057.299,4062.108,8320,40,0
2026-08-04 06:00:00+00:00,4062.048,4066.413,4055.705,4063.3,8438,40,0
2026-08-04 07:00:00+00:00,4063.575,4066.968,4060.898,4065.43,7894,40,0
2026-08-04 08:00:00+00:00,4065.477,4072.989,4054.564,4055.272,9707,40,0
2026-08-04 09:00:00+00:00,4055.163,4055.639,4046.213,4049.677,7744,40,0
2026-08-04 10:00:00+00:00,4049.716,4060.825,4045.536,4054.012,10596,40,0
2026-08-04 11:00:00+00:00,4054.063,4084.43,4052.51,4075.01,17144,40,0
2026-08-04 12:00:00+00:00,4075.078,4084.59,4060.934,4070.816,17208,40,0
2026-08-04 13:00:00+00:00,4071.091,4093.87,4061.038,4084.143,28737,40,0
2026-08-04 14:00:00+00:00,4084.386,4092.058,4074.339,4083.553,19269,40,0
2026-08-04 15:00:00+00:00,4083.698,4089.025,4074.767,4087.523,14555,40,0
2026-08-04 16:00:00+00:00,4087.592,4093.76,4083.022,4093.214,8860,40,0
2026-08-04 17:00:00+00:00,4093.385,4106.422,4086.228,4086.246,10946,40,0
2026-08-04 18:00:00+00:00,4086.191,4089.027,4075.146,4079.99,8466,40,0
2026-08-04 19:00:00+00:00,4079.778,4084.859,4076.477,4078.809,6856,40,0
2026-08-04 20:00:00+00:00,4078.697,4080.55,4074.675,4078.112,5135,40,0
2026-08-04 22:00:00+00:00,4078.137,4085.879,4075.708,4075.901,4631,40,0
2026-08-04 23:00:00+00:00,4076.047,4077.253,4065.432,4072.473,6105,40,0
2026-08-05 00:00:00+00:00,4072.456,4083.653,4070.401,4082.722,7897,40,0
2026-08-05 01:00:00+00:00,4082.53,4102.827,4077.685,4101.318,14274,40,0
2026-08-05 02:00:00+00:00,4101.268,4135.669,4095.527,4129.4,20148,40,0
2026-08-05 03:00:00+00:00,4129.35,4136.633,4126.916,4128.483,10035,40,0
2026-08-05 04:00:00+00:00,4128.49,4141.606,4128.38,4135.703,8083,40,0
2026-08-05 05:00:00+00:00,4135.765,4173.262,4134.699,4161.64,20862,40,0
2026-08-05 06:00:00+00:00,4161.58,4178.569,4160.004,4177.467,15352,40,0
2026-08-05 07:00:00+00:00,4177.773,4179.726,4162.223,4170.726,12290,40,0
2026-08-05 08:00:00+00:00,4170.674,4172.859,4158.962,4160.45,12082,40,0
2026-08-05 09:00:00+00:00,4160.507,4167.308,4152.988,4158.009,11960,40,0
2026-08-05 10:00:00+00:00,4158.07,4161.711,4150.349,4161.378,8032,40,0
2026-08-05 11:00:00+00:00,4161.319,4192.779,4160.738,4189.055,15525,40,0
2026-08-05 12:00:00+00:00,4189.112,4213.478,4183.298,4184.102,18326,40,0
2026-08-05 13:00:00+00:00,4184.052,4206.997,4183.875,4205.976,26263,40,0
2026-08-05 14:00:00+00:00,4205.918,4247.797,4203.75,4244.101,31639,40,0
2026-08-05 15:00:00+00:00,4244.036,4265.302,4232.325,4233.028,23280,40,0
2026-08-05 16:00:00+00:00,4233.079,4247.43,4224.731,4242.466,14912,40,0
2026-08-05 17:00:00+00:00,4242.295,4252.661,4236.793,4250.122,10955,40,0
2026-08-05 18:00:00+00:00,4250.059,4267.963,4249.1,4260.701,9264,40,0
2026-08-05 19:00:00+00:00,4260.814,4262.295,4246.307,4247.059,8779,40,0
2026-08-05 20:00:00+00:00,4246.892,4249.909,4242.993,4246.313,4411,40,0
2026-08-05 22:00:00+00:00,4248.49,4254.234,4245.723,4250.193,3994,40,0
2026-08-05 23:00:00+00:00,4249.941,4282.091,4249.294,4278.155,7220,40,0
2026-08-06 00:00:00+00:00,4278.211,4300.451,4264.631,4294.839,20384,40,0
2026-08-06 01:00:00+00:00,4294.801,4303.069,4272.833,4286.809,29322,40,0
2026-08-06 02:00:00+00:00,4286.705,4304.309,4275.18,4278.652,14793,40,0
2026-08-06 03:00:00+00:00,4278.539,4281.13,4260.179,4265.702,11992,40,0
2026-08-06 04:00:00+00:00,4265.592,4267.291,4252.823,4262.436,7966,40,0
2026-08-06 05:00:00+00:00,4262.283,4268.799,4247.069,4267.363,11471,40,0
2026-08-06 06:00:00+00:00,4267.095,4268.735,4249.468,4256.075,9909,40,0
2026-08-06 07:00:00+00:00,4255.989,4265.489,4252.518,4262.669,8427,40,0
2026-08-06 08:00:00+00:00,4262.722,4278.96,4260.127,4278.215,10196,40,0
2026-08-06 09:00:00+00:00,4278.411,4284.86,4271.206,4273.043,9143,40,0
2026-08-06 10:00:00+00:00,4273.242,4273.907,4264.419,4270.912,7343,40,0
2026-08-06 11:00:00+00:00,4270.737,4273.532,4254.047,4263.237,9948,40,0
2026-08-06 12:00:00+00:00,4263.179,4270.863,4249.069,4250.386,12729,40,0
2026-08-06 13:00:00+00:00,4250.331,4274.284,4230.56,4267.048,27319,40,0
2026-08-06 14:00:00+00:00,4267.358,4275.464,4260.092,4272.931,22944,40,0
2026-08-06 15:00:00+00:00,4273.017,4274.636,4229.034,4233.928,22729,40,0
2026-08-06 16:00:00+00:00,4233.986,4243.127,4223.247,4241.573,20656,40,0
2026-08-06 17:00:00+00:00,4241.692,4248.387,4238.481,4247.16,9504,40,0
2026-08-06 18:00:00+00:00,4247.211,4249.782,4240.636,4243.638,6456,40,0
2026-08-06 19:00:00+00:00,4243.726,4251.449,4232.969,4248.895,11472,40,0
2026-08-06 20:00:00+00:00,4249.015,4250.35,4234.678,4240.535,6166,40,0
2026-08-06 22:00:00+00:00,4239.912,4243.703,4235.86,4240.93,3618,40,0
2026-08-06 23:00:00+00:00,4240.879,4253.343,4240.166,4252.24,4394,40,0
2026-08-07 00:00:00+00:00,4252.494,4252.894,4229.701,4232.757,13999,40,0
2026-08-07 01:00:00+00:00,4232.644,4259.565,4231.334,4256.795,19744,40,0
2026-08-07 02:00:00+00:00,4256.746,4261.864,4247.089,4250.351,11441,40,0
2026-08-07 03:00:00+00:00,4250.298,4266.549,4249.675,4266.088,9692,40,0
2026-08-07 04:00:00+00:00,4266.024,4269.328,4260.897,4264.824,9999,40,0
2026-08-07 05:00:00+00:00,4264.951,4280.72,4261.787,4278.806,15046,40,0
2026-08-07 06:00:00+00:00,4278.833,4298.922,4278.293,4297.104,16191,40,0
2026-08-07 07:00:00+00:00,4297.324,4298.074,4282.853,4290.092,10818,40,0
2026-08-07 08:00:00+00:00,4290.147,4316.904,4289.026,4305.971,14088,40,0
2026-08-07 09:00:00+00:00,4306.024,4320.879,4302.267,4315.997,12453,40,0
2026-08-07 10:00:00+00:00,4315.993,4320.683,4308.013,4316.829,9396,40,0
2026-08-07 11:00:00+00:00,4316.818,4327.953,4316.708,4321.407,12333,40,0
2026-08-07 12:00:00+00:00,4321.396,4371.975,4301.002,4361.378,36274,40,0
2026-08-07 13:00:00+00:00,4361.432,4368.191,4339.076,4348.374,37613,50,0
2026-08-07 14:00:00+00:00,4348.366,4353.141,4327.486,4341.783,32359,40,0
2026-08-07 15:00:00+00:00,4341.723,4358.542,4339.755,4341.13,19804,40,0
2026-08-07 16:00:00+00:00,4341.267,4349.901,4329.143,4329.143,17418,40,0
2026-08-07 17:00:00+00:00,4329.321,4343.293,4327.819,4340.414,11303,40,0
2026-08-07 18:00:00+00:00,4340.454,4343.227,4332.068,4335.51,8065,40,0
2026-08-07 19:00:00+00:00,4335.577,4350.422,4335.414,4344.192,12588,40,0
2026-08-07 20:00:00+00:00,4344.128,4345.428,4335.98,4342.307,6225,50,0
2026-08-09 22:00:00+00:00,4347.907,4348.945,4332.85,4341.801,6918,40,0
2026-08-09 23:00:00+00:00,4341.783,4349.258,4331.996,4332.7,5531,40,0
2026-08-10 00:00:00+00:00,4332.637,4347.212,4330.716,4332.324,16613,40,0
2026-08-10 01:00:00+00:00,4332.378,4340.949,4313.221,4322.561,24994,50,0
2026-08-10 02:00:00+00:00,4322.779,4332.639,4318.685,4319.587,14074,40,0
2026-08-10 03:00:00+00:00,4319.808,4330.177,4317.565,4326.507,9029,40,0
2026-08-10 04:00:00+00:00,4326.808,4339.64,4322.914,4339.475,8528,50,0
2026-08-10 05:00:00+00:00,4339.422,4352.365,4331.546,4347.542,12653,40,0
2026-08-10 06:00:00+00:00,4347.486,4360.045,4341.943,4358.106,11832,50,0
2026-08-10 07:00:00+00:00,4357.985,4362.269,4350.221,4355.656,10772,40,0
2026-08-10 08:00:00+00:00,4355.601,4356.775,4343.799,4346.503,8966,40,0
2026-08-10 09:00:00+00:00,4346.848,4350.121,4340.366,4341.276,8720,40,0
2026-08-10 10:00:00+00:00,4341.075,4344.299,4335.48,4335.989,7722,40,0
2026-08-10 11:00:00+00:00,4336.044,4339.52,4328.859,4335.01,8388,40,0
2026-08-10 12:00:00+00:00,4334.952,4337.746,4324.12,4332.671,11610,40,0
2026-08-10 13:00:00+00:00,4332.606,4340.059,4316.638,4318.277,21439,40,0
2026-08-10 14:00:00+00:00,4318.182,4352.227,4318.058,4345.444,18432,40,0
2026-08-10 15:00:00+00:00,4345.802,4359.756,4343.194,4358.351,13817,40,0
2026-08-10 16:00:00+00:00,4358.41,4364.997,4349.142,4356.78,12913,40,0
2026-08-10 17:00:00+00:00,4356.838,4365.67,4351.622,4360.178,7988,40,0
2026-08-10 18:00:00+00:00,4360.233,4383.154,4359.857,4378.568,10705,40,0
2026-08-10 19:00:00+00:00,4378.624,4395.422,4378.624,4388.503,10535,50,0
2026-08-10 20:00:00+00:00,4388.464,4392.17,4385.681,4389.262,4420,50,0
2026-08-10 22:00:00+00:00,4391.272,4400.894,4388.73,4399.887,3890,50,0
2026-08-10 23:00:00+00:00,4399.946,4402.726,4394.598,4402.369,4877,40,0
2026-08-11 00:00:00+00:00,4402.317,4419.417,4396.563,4409.572,12086,50,0
2026-08-11 01:00:00+00:00,4409.63,4434.278,4393.637,4429.931,22221,50,0
2026-08-11 02:00:00+00:00,4429.857,4435.369,4407.949,4410.855,16362,50,0
2026-08-11 03:00:00+00:00,4411.066,4421.708,4409.54,4417.046,9387,50,0
2026-08-11 04:00:00+00:00,4417.116,4420.347,4403.27,4409.113,10228,50,0
2026-08-11 05:00:00+00:00,4408.784,4409.208,4367.343,4375.35,21496,50,0
2026-08-11 06:00:00+00:00,4375.287,4382.466,4359.606,4366.217,18702,50,0
2026-08-11 07:00:00+00:00,4366.381,4367.971,4356.727,4357.952,11873,50,0
2026-08-11 08:00:00+00:00,4357.886,4376.815,4356.964,4369.206,10021,50,0
2026-08-11 09:00:00+00:00,4369.259,4375.682,4367.489,4372.37,9230,50,0
2026-08-11 10:00:00+00:00,4372.648,4382.737,4371.058,4382.518,8110,50,0
2026-08-11 11:00:00+00:00,4382.374,4393.136,4380.345,4387.912,13722,50,0
2026-08-11 12:00:00+00:00,4387.66,4400.234,4383.814,4392.678,15132,50,0
2026-08-11 13:00:00+00:00,4392.799,4404.287,4384.513,4389.541,20899,50,0
2026-08-11 14:00:00+00:00,4389.599,4398.25,4381.148,4393.968,16816,50,0
2026-08-11 15:00:00+00:00,4394.023,4398.998,4369.118,4383.749,16539,50,0
2026-08-11 16:00:00+00:00,4383.867,4385.905,4378.368,4383.628,8144,50,0
2026-08-11 17:00:00+00:00,4383.391,4385.906,4368.97,4369.302,9022,50,0
2026-08-11 18:00:00+00:00,4369.391,4372.868,4360.082,4371.627,9130,40,0
2026-08-11 19:00:00+00:00,4371.754,4374.421,4361.248,4370.81,8367,50,0
2026-08-11 20:00:00+00:00,4370.865,4371.302,4367.127,4368.135,3602,50,0
2026-08-11 22:00:00+00:00,4372.617,4378.391,4367.447,4369.173,4612,40,0
2026-08-11 23:00:00+00:00,4369.239,4374.648,4362.545,4371.473,6180,40,0
2026-08-12 00:00:00+00:00,4371.564,4383.87,4366.663,4380.432,11112,40,0
2026-08-12 01:00:00+00:00,4380.552,4397.516,4378.306,4396.276,11673,50,0
2026-08-12 02:00:00+00:00,4396.333,4414.585,4394.208,4411.513,10562,50,0
2026-08-12 03:00:00+00:00,4411.293,4416.44,4400.687,4402.248,8008,50,0
2026-08-12 04:00:00+00:00,4402.521,4403.524,4395.312,4400.984,5420,50,0
2026-08-12 05:00:00+00:00,4400.86,4405.05,4383.916,4391.473,10399,50,0
2026-08-12 06:00:00+00:00,4391.137,4406.466,4385.1,4403.304,9925,50,0
2026-08-12 07:00:00+00:00,4403.403,4410.238,4398.331,4406.267,7682,50,0
2026-08-12 08:00:00+00:00,4406.143,4410.657,4401.649,4401.884,6642,50,0
2026-08-12 09:00:00+00:00,4401.675,4424.312,4401.675,4416.03,10834,50,0
2026-08-12 10:00:00+00:00,4415.811,4421.148,4407.188,4412.729,8420,50,0
2026-08-12 11:00:00+00:00,4412.79,4416.992,4407.74,4412.777,7047,50,0
2026-08-12 12:00:00+00:00,4412.653,4438.529,4382.022,4437.211,30924,50,0
2026-08-12 13:00:00+00:00,4437.315,4441.47,4408.346,4427.71,34084,50,0
2026-08-12 14:00:00+00:00,4427.764,4439.897,4416.594,4421.994,23824,50,0
2026-08-12 15:00:00+00:00,4421.926,4430.226,4410.918,4420.953,16938,50,0
2026-08-12 16:00:00+00:00,4421.006,4426.689,4396.561,4401.509,13958,50,0
2026-08-12 17:00:00+00:00,4401.584,4411.629,4398.878,4399.659,11810,50,0
2026-08-12 18:00:00+00:00,4399.553,4418.018,4396.226,4413.205,7615,50,0
2026-08-12 19:00:00+00:00,4413.185,4418.506,4408.261,4413.759,7155,50,0
2026-08-12 20:00:00+00:00,4413.825,4414.364,4406.504,4408.831,4197,50,0
2026-08-12 22:00:00+00:00,4408.534,4410.124,4398.281,4401.919,3798,50,0
2026-08-12 23:00:00+00:00,4401.866,4414.478,4401.663,4414.367,3612,40,0
2026-08-13 00:00:00+00:00,4414.432,4449.943,4412.909,4428.165,18027,50,0
2026-08-13 01:00:00+00:00,4428.1,4435.564,4406.236,4408.577,23259,50,0
2026-08-13 02:00:00+00:00,4408.544,4413.98,4398.861,4406.958,14728,50,0
2026-08-13 03:00:00+00:00,4406.902,4412.141,4398.659,4400.347,9009,50,0
2026-08-13 04:00:00+00:00,4400.355,4400.616,4391.553,4397.912,8826,50,0
2026-08-13 05:00:00+00:00,4397.964,4407.459,4380.698,4382.92,15913,50,0
2026-08-13 06:00:00+00:00,4382.905,4385.633,4368.938,4380.816,15070,50,0
2026-08-13 07:00:00+00:00,4380.746,4381.909,4369.168,4370.119,11583,50,0
2026-08-13 08:00:00+00:00,4370.062,4379.328,4364.072,4375.842,10141,50,0
2026-08-13 09:00:00+00:00,4375.765,4384.797,4372.399,4384.464,7759,50,0
2026-08-13 10:00:00+00:00,4384.524,4393.937,4381.509,4392.273,6331,50,0
2026-08-13 11:00:00+00:00,4392.214,4396.788,4382.79,4387.614,7859,50,0
2026-08-13 12:00:00+00:00,4387.678,4402.179,4380.68,4402.127,15059,50,0
2026-08-13 13:00:00+00:00,4401.797,4402.388,4370.814,4373.009,27439,50,0
2026-08-13 14:00:00+00:00,4373.068,4387.356,4357.407,4383.902,27158,50,0
2026-08-13 15:00:00+00:00,4383.954,4385.72,4357.561,4365.331,18785,50,0
2026-08-13 16:00:00+00:00,4365.118,4368.507,4351.348,4367.171,13811,50,0
2026-08-13 17:00:00+00:00,4367.232,4373.421,4355.668,4356.114,9504,40,0
2026-08-13 18:00:00+00:00,4356.168,4363.834,4354.634,4357.138,7881,40,0
2026-08-13 19:00:00+00:00,4357.207,4359.039,4343.626,4349.969,9476,40,0
2026-08-13 20:00:00+00:00,4350.024,4352.442,4346.842,4350.703,4305,50,0
2026-08-13 22:00:00+00:00,4353.714,4362.925,4351.952,4354.758,5117,50,0
2026-08-13 23:00:00+00:00,4354.795,4364.338,4349.075,4356.652,6288,40,0
2026-08-14 00:00:00+00:00,4356.6,4362.303,4329.059,4340.961,17946,50,0
2026-08-14 01:00:00+00:00,4340.839,4341.7,4312.165,4318.29,23684,40,0
2026-08-14 02:00:00+00:00,4318.081,4322.935,4310.932,4315.905,16400,40,0
2026-08-14 03:00:00+00:00,4315.966,4328.195,4313.791,4323.717,8156,40,0
2026-08-14 04:00:00+00:00,4323.773,4328.229,4322.769,4326.832,5583,40,0
2026-08-14 05:00:00+00:00,4326.897,4333.532,4310.917,4333.532,12104,40,0
2026-08-14 06:00:00+00:00,4333.59,4336.85,4328.027,4335.505,10972,40,0
2026-08-14 07:00:00+00:00,4335.569,4345.422,4329.926,4343.556,8680,40,0
2026-08-14 08:00:00+00:00,4343.609,4349.893,4341.879,4348.619,8484,40,0
2026-08-14 09:00:00+00:00,4348.496,4357.47,4346.142,4357.055,7290,40,0
2026-08-14 10:00:00+00:00,4357.173,4358.877,4348.356,4349.51,6291,40,0
2026-08-14 11:00:00+00:00,4349.571,4369.501,4348.543,4369.368,7608,40,0
2026-08-14 12:00:00+00:00,4369.216,4387.141,4365.681,4373.862,13221,50,0
2026-08-14 13:00:00+00:00,4373.916,4397.113,4370.244,4384.74,19052,50,0
2026-08-14 14:00:00+00:00,4384.589,4394.84,4378.82,4381.674,14939,50,0
2026-08-14 15:00:00+00:00,4381.456,4394.821,4379.142,4391.556,13623,50,0
2026-08-14 16:00:00+00:00,4391.842,4396.921,4380.099,4385.919,7713,50,0
2026-08-14 17:00:00+00:00,4385.85,4386.655,4376.332,4378.699,6663,40,0
2026-08-14 18:00:00+00:00,4378.76,4382.927,4371.047,4373.547,6233,50,0
2026-08-14 19:00:00+00:00,4373.594,4380.096,4372.168,4376.109,5868,50,0
2026-08-14 20:00:00+00:00,4376.189,4377.155,4371.398,4375.988,4044,50,0
2026-08-16 22:00:00+00:00,4379.527,4387.022,4372.343,4386.156,5114,40,0
2026-08-16 23:00:00+00:00,4386.006,4386.426,4367.156,4370.459,6303,40,0
2026-08-17 00:00:00+00:00,4370.534,4402.194,4368.194,4401.094,12195,40,0
2026-08-17 01:00:00+00:00,4400.992,4416.689,4391.99,4395.852,18683,50,0
2026-08-17 02:00:00+00:00,4395.799,4398.444,4388.505,4393.278,11612,50,0
2026-08-17 03:00:00+00:00,4393.394,4397.838,4387.943,4396.956,8052,50,0
2026-08-17 04:00:00+00:00,4397.017,4399.698,4388.905,4390.776,6920,50,0
2026-08-17 05:00:00+00:00,4390.841,4401.398,4386.886,4394.965,10951,50,0
2026-08-17 06:00:00+00:00,4394.948,4404.658,4392.732,4402.976,11033,50,0
2026-08-17 07:00:00+00:00,4403.031,4411.374,4395.98,4405.172,9517,50,0
2026-08-17 08:00:00+00:00,4405.055,4405.055,4392.745,4395.225,7425,50,0
2026-08-17 09:00:00+00:00,4395.316,4400.605,4392.564,4395.527,7263,50,0
2026-08-17 10:00:00+00:00,4395.582,4406.095,4391.972,4399.149,9727,50,0
2026-08-17 11:00:00+00:00,4399.271,4405.081,4395.553,4396.812,7106,50,0
2026-08-17 12:00:00+00:00,4396.981,4398.9,4377.388,4384.904,13448,50,0
2026-08-17 13:00:00+00:00,4384.96,4416.537,4381.766,4408.78,17978,50,0
2026-08-17 14:00:00+00:00,4408.987,4427.755,4403.827,4417.281,17738,50,0
2026-08-17 15:00:00+00:00,4417.224,4427.973,4414.974,4427.465,11621,50,0
2026-08-17 16:00:00+00:00,4427.525,4429.019,4422.469,4424.156,7787,50,0
2026-08-17 17:00:00+00:00,4424.428,4426.334,4411.194,4413.891,9097,50,0
2026-08-17 18:00:00+00:00,4413.92,4416.358,4398.047,4406.843,10024,50,0
2026-08-17 19:00:00+00:00,4406.724,4421.138,4400.3,4420.021,7918,50,0
2026-08-17 20:00:00+00:00,4419.764,4421.428,4414.787,4416.537,3095,50,0
2026-08-17 22:00:00+00:00,4417.873,4419.062,4410.528,4411.984,3482,50,0
2026-08-17 23:00:00+00:00,4412.105,4426.111,4409.847,4425.838,4623,50,0
2026-08-18 00:00:00+00:00,4425.844,4435.198,4418.892,4434.451,11090,50,0
2026-08-18 01:00:00+00:00,4434.521,4436.413,4404.253,4408.226,17806,50,0
2026-08-18 02:00:00+00:00,4408.027,4408.445,4394.165,4400.068,11577,50,0
2026-08-18 03:00:00+00:00,4399.759,4404.044,4390.796,4392.064,8401,50,0
2026-08-18 04:00:00+00:00,4392.012,4395.604,4388.681,4393.551,5839,50,0
2026-08-18 05:00:00+00:00,4393.771,4397.679,4386.04,4394.599,8697,50,0
2026-08-18 06:00:00+00:00,4394.268,4400.132,4387.589,4398.881,8646,50,0
2026-08-18 07:00:00+00:00,4398.8,4403.763,4395.489,4395.842,7952,50,0
2026-08-18 08:00:00+00:00,4395.671,4398.658,4386.891,4393.279,8558,50,0
2026-08-18 09:00:00+00:00,4393.148,4395.195,4386.852,4393.493,7981,50,0
2026-08-18 10:00:00+00:00,4393.277,4399.735,4389.783,4397.906,6023,50,0
2026-08-18 11:00:00+00:00,4397.968,4399.305,4388.528,4395.862,6518,50,0
2026-08-18 12:00:00+00:00,4395.94,4401.028,4389.472,4394.064,10822,50,0
2026-08-18 13:00:00+00:00,4393.994,4407.152,4376.065,4394.604,24539,50,0
2026-08-18 14:00:00+00:00,4394.606,4406.647,4363.682,4366.526,25563,50,0
2026-08-18 15:00:00+00:00,4366.744,4377.834,4351.457,4364.745,26616,50,0
2026-08-18 16:00:00+00:00,4365.143,4371.758,4362.935,4363.962,10748,50,0
2026-08-18 17:00:00+00:00,4363.91,4368.431,4356.681,4357.897,9669,50,0
2026-08-18 18:00:00+00:00,4358.016,4361.174,4352.67,4354.419,7390,40,0
2026-08-18 19:00:00+00:00,4354.472,4358.856,4338.332,4345.473,11176,40,0
2026-08-18 20:00:00+00:00,4345.533,4346.616,4328.979,4334.691,7112,50,0
2026-08-18 22:00:00+00:00,4340.293,4343.201,4332.856,4333.944,4276,40,0
2026-08-18 23:00:00+00:00,4334.096,4338.349,4327.204,4332.957,5962,40,0
2026-08-19 00:00:00+00:00,4333.049,4347.352,4331.44,4338.238,16444,40,0
2026-08-19 01:00:00+00:00,4338.17,4357.745,4324.582,4356.445,21973,50,0
2026-08-19 02:00:00+00:00,4356.508,4362.132,4351.451,4354.893,12137,50,0
2026-08-19 03:00:00+00:00,4355.22,4360.466,4351.862,4355.13,7077,40,0
2026-08-19 04:00:00+00:00,4355.12,4356.193,4343.736,4348.462,6256,40,0
2026-08-19 05:00:00+00:00,4348.369,4350.766,4335.11,4335.702,12174,40,0
2026-08-19 06:00:00+00:00,4335.725,4349.633,4335.325,4348.934,12892,50,0
2026-08-19 07:00:00+00:00,4349.056,4363.18,4347.437,4355.034,9036,40,0
2026-08-19 08:00:00+00:00,4355.021,4363.287,4351.114,4355.86,9124,40,0
2026-08-19 09:00:00+00:00,4355.823,4362.03,4353.384,4361.91,7770,40,0
2026-08-19 10:00:00+00:00,4361.891,4369.746,4359.561,4367.532,6703,40,0
2026-08-19 11:00:00+00:00,4367.652,4374.335,4363.15,4364.902,7927,40,0
2026-08-19 12:00:00+00:00,4364.848,4442.585,4361.943,4438.725,35774,50,0
2026-08-19 13:00:00+00:00,4438.84,4466.415,4424.205,4459.557,47704,50,0
2026-08-19 14:00:00+00:00,4459.483,4498.832,4455.11,4488.093,31103,50,0
2026-08-19 15:00:00+00:00,4488.237,4494.274,4478.141,4493.761,18314,50,0
2026-08-19 16:00:00+00:00,4493.82,4499.481,4490.539,4493.448,12434,50,0
2026-08-19 17:00:00+00:00,4493.236,4499.303,4484.414,4487.23,11389,50,0
2026-08-19 18:00:00+00:00,4487.348,4496.869,4472.039,4495.327,14927,50,0
2026-08-19 19:00:00+00:00,4495.383,4512.422,4494.309,4511.068,12381,50,0
2026-08-19 20:00:00+00:00,4511.156,4524.477,4505.384,4523.281,7676,50,0
2026-08-19 22:00:00+00:00,4523.075,4527.709,4516.566,4519.039,5218,50,0
2026-08-19 23:00:00+00:00,4519.096,4523.843,4511.359,4511.946,5873,50,0
2026-08-20 00:00:00+00:00,4512.003,4521.216,4503.96,4504.554,16309,50,0
2026-08-20 01:00:00+00:00,4504.881,4510.48,4484.577,4489.698,23164,50,0
2026-08-20 02:00:00+00:00,4489.835,4499.834,4488.672,4490.896,13030,50,0
2026-08-20 03:00:00+00:00,4490.99,4501.142,4487.881,4499.085,10152,50,0
2026-08-20 04:00:00+00:00,4499.141,4499.402,4486.313,4488.492,7507,50,0
2026-08-20 05:00:00+00:00,4488.759,4494.202,4477.82,4481.165,10335,50,0
2026-08-20 06:00:00+00:00,4481.108,4496.106,4480.186,4493.99,9696,50,0
2026-08-20 07:00:00+00:00,4493.823,4494.409,4483.445,4490.851,9508,50,0
2026-08-20 08:00:00+00:00,4490.84,4498.85,4487.063,4489.298,10302,50,0
2026-08-20 09:00:00+00:00,4489.242,4494.344,4481.883,4482.838,9150,50,0
2026-08-20 10:00:00+00:00,4482.503,4494.949,4480.631,4490.343,7840,50,0
2026-08-20 11:00:00+00:00,4490.462,4491.508,4465.389,4467.259,12989,50,0
2026-08-20 12:00:00+00:00,4467.315,4477.329,4450.495,4474.745,21087,50,0
2026-08-20 13:00:00+00:00,4474.922,4489.469,4469.267,4481.661,27997,50,0
2026-08-20 14:00:00+00:00,4481.716,4516.387,4480.786,4515.78,22620,50,0
2026-08-20 15:00:00+00:00,4515.912,4540.973,4509.191,4521.824,39767,50,0
2026-08-20 16:00:00+00:00,4521.88,4524.912,4502.826,4510.223,16362,50,0
2026-08-20 17:00:00+00:00,4510.033,4520.686,4507.655,4519.85,11903,50,0
2026-08-20 18:00:00+00:00,4519.921,4525.494,4508.158,4522.194,11554,50,0
2026-08-20 19:00:00+00:00,4522.099,4532.269,4518.159,4528.839,9967,50,0
2026-08-20 20:00:00+00:00,4528.5,4529.181,4516.87,4518.845,5330,50,0
2026-08-20 22:00:00+00:00,4519.119,4524.607,4516.872,4524.244,3705,50,0
2026-08-20 23:00:00+00:00,4524.23,4532.965,4521.04,4526.564,5615,50,0
2026-08-21 00:00:00+00:00,4526.445,4527.685,4509.832,4510.618,12160,50,0
2026-08-21 01:00:00+00:00,4510.684,4544.061,4508.719,4530.787,20049,50,0
2026-08-21 02:00:00+00:00,4530.731,4543.142,4518.398,4534.019,12717,50,0
2026-08-21 03:00:00+00:00,4534.08,4538.483,4526.698,4535.333,9303,50,0
2026-08-21 04:00:00+00:00,4535.453,4548.307,4535.36,4540.865,7843,50,0
2026-08-21 05:00:00+00:00,4540.537,4556.388,4529.338,4553.724,11459,50,0
2026-08-21 06:00:00+00:00,4553.816,4567.83,4545.483,4561.151,13096,50,0
2026-08-21 07:00:00+00:00,4560.965,4568.334,4558.449,4564.256,10413,50,0
2026-08-21 08:00:00+00:00,4564.315,4585.136,4559.166,4584.023,10790,50,0
2026-08-21 09:00:00+00:00,4584.082,4602.054,4580.336,4582.515,11160,50,0
2026-08-21 10:00:00+00:00,4582.451,4594.281,4577.954,4588.425,9362,50,0
2026-08-21 11:00:00+00:00,4588.819,4604.64,4587.162,4597.279,12596,50,0
2026-08-21 12:00:00+00:00,4597.341,4601.884,4563.426,4577.958,15295,50,0
2026-08-21 13:00:00+00:00,4578.174,4593.31,4573.231,4581.244,22103,50,0
2026-08-21 14:00:00+00:00,4581.174,4603.885,4579.952,4591.811,22066,50,0
2026-08-21 15:00:00+00:00,4591.866,4615.497,4587.234,4614.491,16770,50,0
2026-08-21 16:00:00+00:00,4614.554,4629.352,4609.071,4628.754,13993,50,0
2026-08-21 17:00:00+00:00,4628.809,4632.235,4615.429,4620.462,13539,50,0
2026-08-21 18:00:00+00:00,4620.497,4627.839,4619.465,4624.279,7234,50,0
2026-08-21 19:00:00+00:00,4624.355,4625.667,4615.728,4617.173,8410,50,0
2026-08-21 20:00:00+00:00,4617.263,4617.802,4602.55,4603.934,7598,50,0
2026-08-23 22:00:00+00:00,4615.78,4621.337,4606.06,4606.291,7364,50,0
2026-08-23 23:00:00+00:00,4606.42,4624.725,4604.604,4624.04,6961,50,0
2026-08-24 00:00:00+00:00,4624.24,4641.136,4594.319,4621.695,26548,50,0
2026-08-24 01:00:00+00:00,4621.751,4637.768,4608.071,4632.209,29898,50,0
2026-08-24 02:00:00+00:00,4632.143,4657.059,4627.599,4643.665,23334,50,0
2026-08-24 03:00:00+00:00,4643.726,4650.301,4633.288,4641.564,13464,50,0
2026-08-24 04:00:00+00:00,4641.509,4642.801,4632.602,4638.927,11200,50,0
2026-08-24 05:00:00+00:00,4638.888,4646.714,4629.707,4641.021,16850,50,0
2026-08-24 06:00:00+00:00,4640.839,4660.132,4639.305,4649.904,18636,50,0
2026-08-24 07:00:00+00:00,4650.117,4654.934,4630.271,4641.843,16367,50,0
2026-08-24 08:00:00+00:00,4641.927,4646.261,4628.76,4638.11,14526,50,0
2026-08-24 09:00:00+00:00,4638.055,4646.158,4632.823,4645.873,11344,50,0
2026-08-24 10:00:00+00:00,4645.943,4650.337,4641.775,4643.398,9474,50,0
2026-08-24 11:00:00+00:00,4643.296,4670.457,4639.032,4657.92,20436,50,0
2026-08-24 12:00:00+00:00,4658.113,4669.054,4645.79,4663.021,19031,50,0
2026-08-24 13:00:00+00:00,4663.063,4681.002,4656.095,4664.823,33240,50,0
2026-08-24 14:00:00+00:00,4664.754,4678.866,4655.506,4670.565,31871,50,0
2026-08-24 15:00:00+00:00,4670.627,4679.757,4639.83,4649.137,36140,50,0
2026-08-24 16:00:00+00:00,4649.048,4662.472,4642.035,4645.038,25080,50,0
2026-08-24 17:00:00+00:00,4645.125,4655.414,4630.381,4636.746,36973,50,0
2026-08-24 18:00:00+00:00,4636.785,4642.358,4624.896,4636.458,28796,50,0
2026-08-24 19:00:00+00:00,4636.401,4656.394,4635.889,4651.875,16721,50,0
2026-08-24 20:00:00+00:00,4651.978,4655.45,4647.157,4652.61,6316,50,0
2026-08-24 22:00:00+00:00,4655.023,4668.508,4652.646,4667.612,4825,50,0
2026-08-24 23:00:00+00:00,4667.667,4683.013,4666.848,4679.867,8083,50,0
2026-08-25 00:00:00+00:00,4679.907,4697.232,4675.337,4684.605,33315,50,0
2026-08-25 01:00:00+00:00,4684.518,4686.768,4656.482,4658.158,42328,50,0
2026-08-25 02:00:00+00:00,4658.118,4661.734,4617.89,4629.563,50435,50,0
2026-08-25 03:00:00+00:00,4629.72,4641.552,4622.277,4633.942,27231,50,0
2026-08-25 04:00:00+00:00,4633.57,4638.026,4623.697,4626.133,18371,50,0
2026-08-25 05:00:00+00:00,4625.77,4648.072,4623.954,4643.053,25090,50,0
2026-08-25 06:00:00+00:00,4642.967,4653.642,4637.014,4638.6,20263,50,0
2026-08-25 07:00:00+00:00,4638.639,4643.96,4629.803,4630.295,20853,50,0
2026-08-25 08:00:00+00:00,4630.283,4645.379,4620.242,4630.262,26541,50,0
2026-08-25 09:00:00+00:00,4630.151,4642.75,4623.998,4636.596,24052,50,0
2026-08-25 10:00:00+00:00,4636.45,4642.54,4632.937,4639.398,12543,50,0
2026-08-25 11:00:00+00:00,4639.352,4647.641,4636.069,4642.62,14194,50,0
2026-08-25 12:00:00+00:00,4642.773,4644.46,4630.025,4640.822,18994,50,0
2026-08-25 13:00:00+00:00,4640.993,4641.294,4605.33,4616.476,52165,50,0
2026-08-25 14:00:00+00:00,4616.43,4640.257,4613.181,4635.469,37254,50,0
2026-08-25 15:00:00+00:00,4635.59,4659.771,4629.272,4652.888,32864,50,0
2026-08-25 16:00:00+00:00,4652.679,4653.58,4636.959,4643.636,19334,50,0
2026-08-25 17:00:00+00:00,4643.798,4648.594,4634.269,4648.314,16414,50,0
2026-08-25 18:00:00+00:00,4648.357,4655.211,4644.205,4654.404,9690,50,0
2026-08-25 19:00:00+00:00,4654.47,4668.309,4653.356,4666.833,10605,50,0
2026-08-25 20:00:00+00:00,4667.164,4669.18,4657.829,4658.776,6011,50,0
2026-08-25 22:00:00+00:00,4658.099,4673.729,4657.805,4672.567,4132,50,0
2026-08-25 23:00:00+00:00,4672.754,4673.444,4653.307,4654.885,5148,50,0
2026-08-26 00:00:00+00:00,4654.972,4657.905,4634.357,4637.488,13054,50,0
2026-08-26 01:00:00+00:00,4637.832,4661.128,4629.398,4657.262,19791,50,0
2026-08-26 02:00:00+00:00,4657.259,4670.78,4654.972,4658.661,12660,50,0
2026-08-26 03:00:00+00:00,4658.445,4658.942,4642.549,4642.888,9082,50,0
2026-08-26 04:00:00+00:00,4642.614,4644.452,4638.856,4640.74,5541,50,0
2026-08-26 05:00:00+00:00,4640.907,4649.427,4635.392,4639.898,10591,50,0
2026-08-26 06:00:00+00:00,4639.561,4641.606,4624.675,4634.186,11473,50,0
2026-08-26 07:00:00+00:00,4634.059,4639.384,4626.412,4628.869,9527,50,0
2026-08-26 08:00:00+00:00,4628.854,4630.841,4622.104,4628.234,8780,50,0
2026-08-26 09:00:00+00:00,4628.517,4631.138,4616.276,4623.361,8405,50,0
2026-08-26 10:00:00+00:00,4623.305,4624.267,4613.313,4620.379,7070,50,0
2026-08-26 11:00:00+00:00,4620.438,4625.338,4616.656,4624.586,8034,50,0
2026-08-26 12:00:00+00:00,4624.833,4633.559,4610.501,4614.222,18945,50,0
2026-08-26 13:00:00+00:00,4614.288,4631.98,4598.104,4631.541,31835,50,0
2026-08-26 14:00:00+00:00,4631.598,4633.608,4602.703,4602.897,20668,50,0
2026-08-26 15:00:00+00:00,4603.114,4609.462,4583.021,4596.256,22608,50,0
2026-08-26 16:00:00+00:00,4596.319,4601.672,4585.663,4591.821,13985,50,0
2026-08-26 17:00:00+00:00,4591.629,4602.451,4590.792,4597.787,9604,50,0
2026-08-26 18:00:00+00:00,4597.842,4604.85,4592.398,4593.976,7765,50,0
2026-08-26 19:00:00+00:00,4594.135,4601.689,4590.925,4594.368,7233,50,0
2026-08-26 20:00:00+00:00,4594.278,4596.901,4583.998,4594.265,5969,50,0
2026-08-26 22:00:00+00:00,4599.539,4613.463,4598.367,4609.244,5662,50,0
2026-08-26 23:00:00+00:00,4609.185,4625.054,4607.087,4623.571,5755,50,0
2026-08-27 00:00:00+00:00,4623.647,4627.257,4600.47,4605.062,12595,50,0
2026-08-27 01:00:00+00:00,4604.934,4641.158,4602.292,4639.986,18964,50,0
2026-08-27 02:00:00+00:00,4640.063,4643.186,4623.659,4629.653,11300,50,0
2026-08-27 03:00:00+00:00,4629.593,4638.868,4624.415,4625.443,8155,50,0
2026-08-27 04:00:00+00:00,4625.507,4627.421,4617.171,4618.761,6480,50,0
2026-08-27 05:00:00+00:00,4618.818,4621.667,4600.903,4607.012,12347,50,0
2026-08-27 06:00:00+00:00,4606.955,4611.874,4597.915,4600.214,11789,50,0
2026-08-27 07:00:00+00:00,4600.32,4605.937,4593.613,4600.474,10268,50,0
2026-08-27 08:00:00+00:00,4600.416,4607.029,4594.828,4599.168,8367,50,0
2026-08-27 09:00:00+00:00,4598.979,4600.792,4577.604,4580.51,11471,50,0
2026-08-27 10:00:00+00:00,4580.48,4590.745,4568.954,4590.2,10307,50,0
2026-08-27 11:00:00+00:00,4590.12,4600.471,4587.311,4598.23,8133,50,0
2026-08-27 12:00:00+00:00,4598.284,4601.378,4580.61,4585.737,11240,50,0
2026-08-27 13:00:00+00:00,4586.028,4593.497,4565.037,4572.552,25875,50,0
2026-08-27 14:00:00+00:00,4572.677,4598.478,4568.325,4591.459,23312,50,0
2026-08-27 15:00:00+00:00,4591.243,4611.516,4588.882,4610.367,14475,50,0
2026-08-27 16:00:00+00:00,4610.491,4616.912,4602.452,4614.893,10506,50,0
2026-08-27 17:00:00+00:00,4614.954,4616.568,4605.289,4606.662,8655,50,0
2026-08-27 18:00:00+00:00,4606.662,4611.372,4600.759,4610.337,8152,50,0
2026-08-27 19:00:00+00:00,4610.665,4618.285,4604.399,4609.431,7895,50,0
2026-08-27 20:00:00+00:00,4609.123,4609.88,4600.01,4600.89,4004,50,0
2026-08-27 22:00:00+00:00,4606.468,4611.015,4601.333,4610.894,4118,50,0
2026-08-27 23:00:00+00:00,4610.894,4611.646,4594.314,4594.661,4504,50,0
2026-08-28 00:00:00+00:00,4594.717,4602.688,4585.633,4588.713,10210,50,0
2026-08-28 01:00:00+00:00,4589.06,4602.196,4575.209,4576.138,19152,50,0
2026-08-28 02:00:00+00:00,4576.077,4589.591,4575.03,4586.27,9255,50,0
2026-08-28 03:00:00+00:00,4586.179,4590.122,4578.693,4580.164,7470,50,0
2026-08-28 04:00:00+00:00,4579.862,4585.492,4577.924,4584.293,5276,50,0
2026-08-28 05:00:00+00:00,4584.579,4586.543,4571.475,4573.571,9628,50,0
2026-08-28 06:00:00+00:00,4573.685,4613.476,4572.563,4612.582,13946,50,0
2026-08-28 07:00:00+00:00,4612.454,4614.524,4596.72,4611.706,10754,50,0
2026-08-28 08:00:00+00:00,4611.637,4614.788,4600.943,4603.109,8368,50,0
2026-08-28 09:00:00+00:00,4602.752,4607.539,4600.367,4605.268,7541,50,0
2026-08-28 10:00:00+00:00,4605.305,4610.055,4597.458,4600.01,7144,50,0
2026-08-28 11:00:00+00:00,4600.129,4601.484,4591.211,4593.566,8562,50,0
2026-08-28 12:00:00+00:00,4593.444,4603.943,4589.001,4601.495,12781,50,0
2026-08-28 13:00:00+00:00,4601.599,4627.653,4593.835,4604.968,22822,50,0
2026-08-28 14:00:00+00:00,4604.814,4632.4,4529.716,4576.756,86578,50,0
2026-08-28 15:00:00+00:00,4576.698,4583.186,4523.884,4524.734,52338,50,0
2026-08-28 16:00:00+00:00,4524.608,4529.56,4464.067,4479.602,61098,50,0
2026-08-28 17:00:00+00:00,4479.668,4486.735,4460.413,4469.28,29995,50,0
2026-08-28 18:00:00+00:00,4469.19,4471.877,4445.393,4457.011,23643,50,0
2026-08-28 19:00:00+00:00,4456.801,4467.109,4452.853,4458.572,17035,50,0
2026-08-28 20:00:00+00:00,4458.623,4462.851,4453.077,4456.185,7808,50,0
2026-08-30 22:00:00+00:00,4439.165,4466.055,4439.1,4461.479,7181,50,0
2026-08-30 23:00:00+00:00,4461.694,4466.996,4435.725,4458.345,9969,50,0
2026-08-31 00:00:00+00:00,4458.406,4472.528,4452.135,4456.548,17207,50,0
2026-08-31 01:00:00+00:00,4456.605,4463.446,4435.934,4440.366,35469,50,0
2026-08-31 02:00:00+00:00,4440.421,4441.683,4396.438,4423.125,27120,50,0
2026-08-31 03:00:00+00:00,4422.798,4434.174,4419.713,4422.689,12147,50,0
2026-08-31 04:00:00+00:00,4422.837,4425.122,4412.92,4424.704,8831,50,0
2026-08-31 05:00:00+00:00,4424.636,4444.077,4419.111,4442.896,15106,50,0
2026-08-31 06:00:00+00:00,4442.956,4443.399,4429.209,4439.397,12902,50,0
2026-08-31 07:00:00+00:00,4439.177,4448.476,4435.032,4443.228,10310,50,0
2026-08-31 08:00:00+00:00,4443.151,4449.69,4433.762,4435.552,8681,50,0
2026-08-31 09:00:00+00:00,4435.913,4445.65,4435.483,4445.586,6894,50,0
2026-08-31 10:00:00+00:00,4445.385,4455.735,4444.754,4453.866,8100,50,0
2026-08-31 11:00:00+00:00,4454.017,4464.212,4452.522,4455.317,8260,50,0
2026-08-31 12:00:00+00:00,4455.528,4461.164,4435.441,4435.648,14799,50,0
2026-08-31 13:00:00+00:00,4435.833,4448.304,4415.58,4418.8,23929,50,0
2026-08-31 14:00:00+00:00,4418.734,4436.364,4416.18,4431.79,25387,50,0
2026-08-31 15:00:00+00:00,4431.605,4438.02,4424.627,4426.123,19327,50,0
2026-08-31 16:00:00+00:00,4426.177,4440.45,4423.659,4433.144,11703,50,0
2026-08-31 17:00:00+00:00,4433.543,4440.17,4428.614,4436.636,9144,50,0
2026-08-31 18:00:00+00:00,4436.565,4437.041,4426.217,4430.817,7190,50,0
2026-08-31 19:00:00+00:00,4430.885,4453.95,4429.187,4453.562,9275,50,0
2026-08-31 20:00:00+00:00,4453.356,4456.06,4446.578,4448.663,4857,50,0
2026-08-31 22:00:00+00:00,4450.329,4456.008,4445.502,4447.138,3750,50,0
2026-08-31 23:00:00+00:00,4447.209,4452.515,4441.766,4452.242,4268,50,0
2026-09-01 00:00:00+00:00,4452.325,4461.724,4446.107,4453.593,12616,50,0
2026-09-01 01:00:00+00:00,4453.667,4457.344,4436.283,4444.355,18187,50,0
2026-09-01 02:00:00+00:00,4444.282,4449.356,4427.869,4443.042,13235,50,0
2026-09-01 03:00:00+00:00,4442.977,4444.35,4431.74,4436.87,8599,50,0
2026-09-01 04:00:00+00:00,4436.542,4437.887,4425.378,4426.796,7702,50,0
2026-09-01 05:00:00+00:00,4426.928,4446.129,4423.933,4440.412,11895,50,0
2026-09-01 06:00:00+00:00,4440.352,4440.823,4427.657,4429.915,10121,50,0
2026-09-01 07:00:00+00:00,4429.86,4435.034,4412.093,4420.335,14074,50,0
2026-09-01 08:00:00+00:00,4420.069,4420.069,4369.154,4371.005,30185,50,0
2026-09-01 09:00:00+00:00,4370.68,4378.294,4364.613,4364.868,18730,50,0
2026-09-01 10:00:00+00:00,4364.767,4386.204,4364.273,4378.331,12426,50,0
2026-09-01 11:00:00+00:00,4378.385,4387.471,4371.976,4374.556,12144,50,0
2026-09-01 12:00:00+00:00,4374.23,4376.321,4351.909,4356.416,22835,50,0
2026-09-01 13:00:00+00:00,4356.363,4367.645,4326.124,4365.65,37652,50,0
2026-09-01 14:00:00+00:00,4365.609,4375.781,4353.218,4360.384,25712,50,0
2026-09-01 15:00:00+00:00,4360.736,4374.078,4355.102,4373.136,17141,50,0
2026-09-01 16:00:00+00:00,4373.202,4375.018,4347.114,4351.278,19415,50,0
2026-09-01 17:00:00+00:00,4351.336,4352.154,4340.934,4342.913,14725,40,0
2026-09-01 18:00:00+00:00,4343.156,4344.592,4328.135,4331.621,10934,40,0
2026-09-01 19:00:00+00:00,4331.562,4337.81,4322.777,4326.978,10897,40,0
2026-09-01 20:00:00+00:00,4327.052,4330.875,4323.873,4328.991,6297,50,0
2026-09-01 22:00:00+00:00,4332.64,4334.683,4326.229,4329.56,3357,40,0
2026-09-01 23:00:00+00:00,4329.563,4335.863,4322.858,4324.793,5299,40,0
2026-09-02 00:00:00+00:00,4324.738,4334.604,4314.488,4315.94,23875,50,0
2026-09-02 01:00:00+00:00,4315.874,4326.853,4288.197,4291.261,32240,40,0
2026-09-02 02:00:00+00:00,4291.333,4314.717,4287.314,4302.811,17329,40,0
2026-09-02 03:00:00+00:00,4302.869,4304.447,4282.332,4303.232,14006,40,0
2026-09-02 04:00:00+00:00,4303.295,4307.851,4301.307,4307.286,7715,40,0
2026-09-02 05:00:00+00:00,4307.342,4326.597,4303.633,4319.999,13859,40,0
2026-09-02 06:00:00+00:00,4320.0,4329.437,4314.722,4321.659,17281,40,0
2026-09-02 07:00:00+00:00,4321.716,4331.558,4319.137,4323.265,15107,40,0
2026-09-02 08:00:00+00:00,4323.281,4331.607,4312.588,4313.079,12366,40,0
2026-09-02 09:00:00+00:00,4313.05,4322.484,4304.953,4308.578,10489,40,0
2026-09-02 10:00:00+00:00,4308.73,4312.412,4301.851,4309.507,9223,40,0
2026-09-02 11:00:00+00:00,4309.447,4333.112,4307.694,4332.23,14822,40,0
2026-09-02 12:00:00+00:00,4332.333,4344.733,4327.274,4331.563,20352,40,0
2026-09-02 13:00:00+00:00,4331.234,4385.519,4330.66,4385.519,30848,50,0
2026-09-02 14:00:00+00:00,4385.56,4397.816,4374.467,4376.947,25097,50,0
2026-09-02 15:00:00+00:00,4377.167,4381.064,4364.537,4373.055,15141,50,0
2026-09-02 16:00:00+00:00,4373.0,4374.987,4364.41,4368.552,9981,50,0
2026-09-02 17:00:00+00:00,4368.39,4380.948,4364.513,4376.884,9442,50,0
2026-09-02 18:00:00+00:00,4377.006,4379.963,4369.263,4374.302,8864,50,0
2026-09-02 19:00:00+00:00,4374.373,4391.444,4371.702,4391.151,7803,40,0
2026-09-02 20:00:00+00:00,4391.213,4391.796,4383.896,4387.67,4774,50,0
2026-09-02 22:00:00+00:00,4391.737,4393.324,4383.507,4384.669,3585,40,0
2026-09-02 23:00:00+00:00,4384.726,4389.018,4381.225,4385.502,4433,40,0
2026-09-03 00:00:00+00:00,4385.915,4398.165,4382.734,4395.405,10475,50,0
2026-09-03 01:00:00+00:00,4395.46,4412.386,4387.35,4410.345,19392,50,0
2026-09-03 02:00:00+00:00,4410.548,4420.624,4406.727,4420.624,12914,50,0
2026-09-03 03:00:00+00:00,4420.327,4432.645,4419.355,4431.31,8777,50,0
2026-09-03 04:00:00+00:00,4431.367,4438.616,4425.625,4437.418,6487,50,0
